Nazwisko;Imie;login
Banana;Janana;nauczyciel10@liceum.onmicrosoft.com
Burak;Daniela;nauczyciel11@liceum.onmicrosoft.com
Bizon;Agrafka;nauczyciel12@liceum.onmicrosoft.com
Chomera;Pamela;nauczyciel13@liceum.onmicrosoft.com
Brzozowa;Karina;nauczyciel14@liceum.onmicrosoft.com
Dobra;Maja;nauczyciel16@liceum.onmicrosoft.com
Garnek;Kamil;nauczyciel17@liceum.onmicrosoft.com
Górski;Izud;nauczyciel18@liceum.onmicrosoft.com
Hamulec;Maja;nauczyciel19@liceum.onmicrosoft.com
Janilka;Roburka;nauczyciel20@liceum.onmicrosoft.com
Konieczny;Barak;nauczyciel22@liceum.onmicrosoft.com
Piec;Ewa;nauczyciel25@liceum.onmicrosoft.com
Lemur;Marianna;nauczyciel27@liceum.onmicrosoft.com
Łucznik;Miron;nauczyciel28@liceum.onmicrosoft.com
Łada;Antek;nauczyciel29@liceum.onmicrosoft.com
Malta;Marzena;nauczyciel30@liceum.onmicrosoft.com
Mała;Mania;nauczyciel31@liceum.onmicrosoft.com
Marcin;Kamil;nauczyciel32@liceum.onmicrosoft.com
Miotła;Mika;nauczyciel33@liceum.onmicrosoft.com
Mikołaj;Adam;nauczyciel34@liceum.onmicrosoft.com
Mróz;Papasza;nauczyciel35@liceum.onmicrosoft.com
Olek;Uma;nauczyciel36@liceum.onmicrosoft.com
Owca;Jan;nauczyciel37@liceum.onmicrosoft.com
Piecyk;Ewan;nauczyciel38@liceum.onmicrosoft.com
Piątek;Brama;nauczyciel39@liceum.onmicrosoft.com
Piła;Mróz;nauczyciel40@liceum.onmicrosoft.com
Pijawka;Paulina;nauczyciel41@liceum.onmicrosoft.com
Rakieta;Brama;nauczyciel43@liceum.onmicrosoft.com
Romańska;Iza;nauczyciel44@liceum.onmicrosoft.com
Rudy;Jaro;nauczyciel46@liceum.onmicrosoft.com
Swoja;Ala;nauczyciel49@liceum.onmicrosoft.com
Stara;Jara;nauczyciel50@liceum.onmicrosoft.com
Stary;Jary;nauczyciel51@liceum.onmicrosoft.com
Szewc;Ignor;nauczyciel53@liceum.onmicrosoft.com
Szydło;Igła;nauczyciel54@liceum.onmicrosoft.com
Szyba;Magdalena;nauczyciel55@liceum.onmicrosoft.com
Szybka;Marika;nauczyciel56@liceum.onmicrosoft.com
Tomek;Daniel;nauczyciel57@liceum.onmicrosoft.com
Tutaj;Tam;nauczyciel58@liceum.onmicrosoft.com
Uliana;Zwinna;nauczyciel60@liceum.onmicrosoft.com
Warkocz;Kuba;nauczyciel62@liceum.onmicrosoft.com
Wielka;Monika;nauczyciel63@liceum.onmicrosoft.com
Wielki;Janusz;nauczyciel64@liceum.onmicrosoft.com
Wojna;Justyn;nauczyciel65@liceum.onmicrosoft.com
Wróć;Alicja;nauczyciel66@liceum.onmicrosoft.com
Kucharz;Alina;nauczyciel67@liceum.onmicrosoft.com
Kuba;Kala;nauczyciel69@liceum.onmicrosoft.com
Piechowski;Rafał;nauczyciel71@liceum.onmicrosoft.com
Gęba;Alina;nauczyciel72@liceum.onmicrosoft.com
Tara;Netto;nauczyciel73@liceum.onmicrosoft.com
Rama;Sama;nauczyciel74@liceum.onmicrosoft.com
Buk;Marian;nauczyciel76@liceum.onmicrosoft.com
Kosztowny;Zbyszek;nauczyciele75@liceum.onmicrosoft.com
Siwy;Angel;nauczyciele79@liceum.onmicrosoft.com
Szafir;Mirek;nauczyciel82@liceum.onmicrosoft.com
Clarkson;Regina;nauczyciel83@liceum.onmicrosoft.com
